[{"first_name": "Emily", "last_name": "Fischer", "email": "amber00@example.org"}, {"first_name": "Melissa", "last_name": "Jenkins", "email": "johnsonemily@example.com"}, {"first_name": "Teresa", "last_name": "Robinson", "email": "ynoble@example.net"}, {"first_name": "Melissa", "last_name": "Velazquez", "email": "tuckermonica@example.net"}, {"first_name": "Rebekah", "last_name": "Carey", "email": "charles75@example.net"}, {"first_name": "Erika", "last_name": "Nielsen", "email": "johnsonjason@example.org"}, {"first_name": "Rachel", "last_name": "Russo", "email": "aaronwilson@example.org"}, {"first_name": "Caleb", "last_name": "Flowers", "email": "michaelscott@example.org"}, {"first_name": "Spencer", "last_name": "Dougherty", "email": "angelaevans@example.com"}, {"first_name": "Mark", "last_name": "Ballard", "email": "heather36@example.net"}, {"first_name": "Dean", "last_name": "Thompson", "email": "wendy42@example.org"}, {"first_name": "Luis", "last_name": "King", "email": "gporter@example.org"}, {"first_name": "Peter", "last_name": "Stokes", "email": "wgardner@example.net"}, {"first_name": "Sarah", "last_name": "Montes", "email": "jcortez@example.net"}, {"first_name": "Mary", "last_name": "Brown", "email": "operez@example.com"}, {"first_name": "Christian", "last_name": "Andrews", "email": "ruth90@example.com"}, {"first_name": "Sarah", "last_name": "Johnson", "email": "tylertucker@example.com"}, {"first_name": "Alisha", "last_name": "Clayton", "email": "joe15@example.com"}, {"first_name": "Lauren", "last_name": "James", "email": "dawn69@example.org"}, {"first_name": "Bill", "last_name": "Maxwell", "email": "kelli52@example.org"}, {"first_name": "Frank", "last_name": "Myers", "email": "william26@example.com"}, {"first_name": "Colleen", "last_name": "Smith", "email": "wwood@example.net"}, {"first_name": "Rebecca", "last_name": "Chen", "email": "xmosley@example.com"}, {"first_name": "Kelly", "last_name": "Haynes", "email": "bcardenas@example.net"}, {"first_name": "Timothy", "last_name": "Patterson", "email": "xmartin@example.net"}, {"first_name": "Kirk", "last_name": "Nichols", "email": "jenniferpotts@example.com"}, {"first_name": "Ann", "last_name": "Marsh", "email": "xdaniels@example.net"}, {"first_name": "Andrea", "last_name": "King", "email": "jimmy25@example.org"}, {"first_name": "Andrew", "last_name": "Stephens", "email": "glenda65@example.com"}, {"first_name": "Paul", "last_name": "Butler", "email": "glara@example.com"}, {"first_name": "Amanda", "last_name": "Mccullough", "email": "michelle89@example.com"}, {"first_name": "Troy", "last_name": "Lopez", "email": "abrown@example.net"}, {"first_name": "Jason", "last_name": "Henry", "email": "rachelmorgan@example.com"}, {"first_name": "Kevin", "last_name": "Reynolds", "email": "rvazquez@example.org"}, {"first_name": "Brenda", "last_name": "Kim", "email": "rachelbarton@example.org"}, {"first_name": "Kevin", "last_name": "Williamson", "email": "uvelasquez@example.com"}, {"first_name": "John", "last_name": "Humphrey", "email": "stephanieschultz@example.org"}, {"first_name": "Cory", "last_name": "Fitzgerald", "email": "norma58@example.com"}, {"first_name": "Shane", "last_name": "Frederick", "email": "brettwhite@example.net"}, {"first_name": "Jason", "last_name": "Boyer", "email": "williamsashley@example.com"}, {"first_name": "Juan", "last_name": "Rivera", "email": "priley@example.com"}, {"first_name": "Jamie", "last_name": "Merritt", "email": "melanie73@example.net"}, {"first_name": "Marco", "last_name": "Tucker", "email": "kellerbrian@example.com"}, {"first_name": "Frederick", "last_name": "Weber", "email": "vwheeler@example.com"}, {"first_name": "Stacey", "last_name": "Woods", "email": "aanthony@example.com"}, {"first_name": "Brandy", "last_name": "Brown", "email": "leachnicole@example.com"}, {"first_name": "Cassandra", "last_name": "Murphy", "email": "john75@example.org"}, {"first_name": "Natasha", "last_name": "Kelly", "email": "shane77@example.net"}, {"first_name": "Brittany", "last_name": "Weber", "email": "richardaguilar@example.com"}, {"first_name": "Joel", "last_name": "Morris", "email": "gregory41@example.net"}, {"first_name": "Morgan", "last_name": "Hernandez", "email": "stevenjones@example.com"}, {"first_name": "John", "last_name": "Anderson", "email": "welchkimberly@example.com"}, {"first_name": "John", "last_name": "Graves", "email": "shanediaz@example.org"}, {"first_name": "Richard", "last_name": "Vincent", "email": "jeffreygutierrez@example.com"}, {"first_name": "Thomas", "last_name": "Gonzalez", "email": "sharongarcia@example.org"}, {"first_name": "Charles", "last_name": "Moyer", "email": "qevans@example.org"}, {"first_name": "Ryan", "last_name": "Compton", "email": "mullinsandrew@example.org"}, {"first_name": "Matthew", "last_name": "Collins", "email": "rwatts@example.com"}, {"first_name": "Steven", "last_name": "Bishop", "email": "qwilliams@example.net"}, {"first_name": "Felicia", "last_name": "Lewis", "email": "ann31@example.net"}, {"first_name": "Jason", "last_name": "Wiley", "email": "humphreyjames@example.org"}, {"first_name": "Juan", "last_name": "Hayden", "email": "kristen19@example.org"}, {"first_name": "Melinda", "last_name": "Roberts", "email": "joshua34@example.net"}, {"first_name": "Patrick", "last_name": "Hale", "email": "michaelstark@example.com"}, {"first_name": "Shannon", "last_name": "Potter", "email": "melissawilliams@example.net"}, {"first_name": "Amy", "last_name": "Baird", "email": "charles99@example.com"}, {"first_name": "Timothy", "last_name": "Ramsey", "email": "wjones@example.com"}, {"first_name": "Cynthia", "last_name": "Alvarez", "email": "brett73@example.com"}, {"first_name": "Ryan", "last_name": "Floyd", "email": "williamskeith@example.com"}, {"first_name": "Darrell", "last_name": "Sanchez", "email": "henryrussell@example.com"}, {"first_name": "Rachel", "last_name": "Williams", "email": "skennedy@example.com"}, {"first_name": "Erica", "last_name": "Little", "email": "jeremiahalexander@example.com"}, {"first_name": "Carlos", "last_name": "David", "email": "sierraprice@example.com"}, {"first_name": "Laura", "last_name": "Castillo", "email": "edwin03@example.com"}, {"first_name": "Alexander", "last_name": "Jones", "email": "gabrielrodriguez@example.org"}, {"first_name": "Andrew", "last_name": "Wilson", "email": "morriskaren@example.net"}, {"first_name": "John", "last_name": "Wilson", "email": "hamiltonstephanie@example.com"}, {"first_name": "Tamara", "last_name": "Garrett", "email": "wchang@example.org"}, {"first_name": "Andrea", "last_name": "Henry", "email": "hallalyssa@example.org"}, {"first_name": "Vicki", "last_name": "Mendoza", "email": "erin07@example.org"}, {"first_name": "Donald", "last_name": "Yang", "email": "wattsrussell@example.com"}, {"first_name": "Craig", "last_name": "Hernandez", "email": "jonathan66@example.org"}, {"first_name": "David", "last_name": "Williams", "email": "wallacealexandra@example.com"}, {"first_name": "Debra", "last_name": "Foster", "email": "robinfigueroa@example.net"}, {"first_name": "Brenda", "last_name": "Everett", "email": "cameronwilliamson@example.net"}, {"first_name": "Clayton", "last_name": "Johnson", "email": "shawnwright@example.org"}, {"first_name": "Dennis", "last_name": "Carlson", "email": "davidrodriguez@example.com"}, {"first_name": "Gregory", "last_name": "Glenn", "email": "tranteresa@example.com"}, {"first_name": "Stephen", "last_name": "Valentine", "email": "vangmindy@example.com"}, {"first_name": "Joseph", "last_name": "Ryan", "email": "alexis74@example.com"}, {"first_name": "Daniel", "last_name": "Baker", "email": "jodijackson@example.net"}, {"first_name": "Brent", "last_name": "Dawson", "email": "jensenpaul@example.org"}, {"first_name": "Kim", "last_name": "Bishop", "email": "gonzalesedward@example.net"}, {"first_name": "Joann", "last_name": "Walton", "email": "jason60@example.com"}, {"first_name": "Cheryl", "last_name": "Mathis", "email": "jason73@example.org"}, {"first_name": "Kevin", "last_name": "Mosley", "email": "walkershannon@example.com"}, {"first_name": "Jamie", "last_name": "Salazar", "email": "holdenkyle@example.net"}, {"first_name": "Justin", "last_name": "Perez", "email": "kedwards@example.net"}, {"first_name": "Tina", "last_name": "Cole", "email": "bcarrillo@example.net"}, {"first_name": "Christopher", "last_name": "Webster", "email": "pearsonrobert@example.com"}]